id;reference;db_office;entry_date;terminate;leave_date;file;company_id;moduleservice_id;office_id;link;paie;
003bac57-6ea9-43a2-b525-b0d6ef95661d;LDM/181;181;02/03/2015;True;NULL;0;406b3526-a7ef-4415-8c13-9e1bef1b47ef;2;3;a6c597c9-ba0a-4308-88d2-2e7147b49ecd;#N/A;#N/A
00b3dcd1-8aad-4782-af4f-9b3349903aaf;LDM/169;169;02/02/2011;False;NULL;0;48106a85-8eb4-459f-ac4d-2f3fc481ffd2;2;3;1b210ee6-b0c0-4848-93bb-637c72043537;1b210ee6-b0c0-4848-93bb-637c72043537;MACOLINE
010f3c7c-3d2b-4df9-a210-d6b05df59a63;LDM/100;100;03/08/2018;False;NULL;0;e3b74bce-8b29-4fa7-b71f-0f0ecf2294b5;2;3;3fab0078-4708-4ae9-b18f-bc40a784d70c;3fab0078-4708-4ae9-b18f-bc40a784d70c;R2COM
01314bef-2da4-45c1-b156-55e69f601023;LDM/194;194;12/01/2021;False;NULL;0;8259b9ac-e2d5-4fb1-adcb-24a19b95925d;2;3;9e27e60f-eceb-494b-96c0-94a88f2d05b9;#N/A;DELTA X
02b57ac6-b193-4b06-a3b9-368cb3285526;LDM/120;120;12/02/2019;True;NULL;0;8a223c11-af55-4735-a01c-62503a7ecb50;2;3;acd0b011-4291-479d-9d30-209a72f33786;acd0b011-4291-479d-9d30-209a72f33786;#N/A
037e7a5d-4cc1-4dfa-92ae-0bacee8f3fa6;LDM/088;88;05/02/2018;False;NULL;0;1de1a6ca-68e7-497c-924a-61830547014b;2;3;377183bd-fe68-4109-8b49-0a219d41690f;#N/A;PROSHORE PP FALOUKI
051069a1-0b96-4a5b-825e-e561749f8547;LDM/196;196;12/02/2008;False;NULL;0;ca04fd90-7da0-4ab5-a7ea-4c1c2d14c098;2;3;abb37215-7c1c-4a50-b57d-0dcac3dfcc22;abb37215-7c1c-4a50-b57d-0dcac3dfcc22;C BIS. COM
060f2b57-860a-4939-8e6d-3173cf31aa44;LDM/190;190;28/01/2021;False;NULL;0;42a3efc3-1149-4f11-b0f4-a57faa281986;2;3;eee99497-3ea4-4214-acf3-1a864ec317e6;eee99497-3ea4-4214-acf3-1a864ec317e6;Lâ€™AGENCE DES MUTUELLES DE FRANCE MAROC
083b0074-94a6-4b95-8b48-1a4a508e1ff9;LDM/195;195;15/02/2021;False;NULL;0;bf16e0c9-cdd6-4399-99ac-5bab11e4332e;2;3;b6317cb0-214f-4118-84b0-9275098b446a;#N/A;RSMC
0843f71a-d9a5-436f-967f-9f9972c23e5f;LDM/021;21;01/01/2014;False;NULL;0;c067a02c-4c15-45a3-9a5e-08d13ccae769;2;3;6ea6226c-2c28-43c2-a5f0-7ec1253b143c;#N/A;CAPAGO MAROC
09a99e1d-56ed-45dd-bc57-21071e4ab3d0;LDM/163;163;02/12/2019;False;NULL;0;59d366a8-eaa1-4fed-9c47-d74e5030f04a;2;3;761da41e-fc37-4a1b-991d-d0bc5e5682bb;#N/A;JOURNO ALAIN FRANCOIS BLACK LEMAN DIGITAL
0bc64451-2840-4a6e-b065-099db3f59163;LDM/096;96;10/04/2017;True;NULL;0;06149e4f-8914-491e-a4d0-daf01b065208;2;3;104c3024-31da-4a82-9612-87211741a9a2;#N/A;#N/A
0d0a2a01-baa5-47cd-886c-9258bbd1073c;LDM/028;28;22/04/2014;True;NULL;0;b7ac78f9-b71d-4090-92c8-a8abb4baf752;2;3;4fd67938-0d06-481b-a4bd-8e4603618758;#N/A;#N/A
0d53a780-3f6d-49df-8b2c-bbffc7667fc0;LDM/059;59;29/08/2016;False;NULL;0;01ee2d04-0e62-40f4-ae5c-34346a33c6b4;2;3;ebc4e825-1153-45ee-aaa1-c0e23be44830;#N/A;ENZYME-IT
137e0e58-546f-4a9d-9e3b-4de5d7db4d5b;LDM/071;71;15/05/2017;False;NULL;0;98d86af4-ec97-424b-a98c-722c0c279bf9;2;3;3934feb3-de40-4265-9f41-699d51ce0118;#N/A;KURO
13d66e93-1cb4-4619-b84b-2e23a15a2f07;LDM/090;90;06/03/2018;True;NULL;0;0f7e6e09-6ad7-40a4-9c91-3d0f931d6395;2;3;bfa30543-ddb4-49cc-be69-c3c608f5b5f0;bfa30543-ddb4-49cc-be69-c3c608f5b5f0;#N/A
1635d592-34dd-4b05-8dcd-30deef7eed33;LDM/156;156;19/12/2019;False;NULL;0;ddfe1301-75fb-40ee-9edf-bf6d748ce607;2;3;cf49a64a-c033-4d94-95b9-9ba2b863accd;#N/A;ADVALINK
16dfa3b7-31b1-4377-884a-411eef3c87e3;LDM/007;7;04/12/2009;False;NULL;0;1c04bf11-574d-4352-ac69-8a9cbe4685e8;11;3;0a41b163-332f-4ee7-9f96-6db30a228e41;#N/A;SAMAC
18772d62-c52c-4e4e-875a-297a1a10bd0c;LDM/012;12;12/12/2012;True;NULL;0;f2a8ebf7-8363-490e-84ec-8d38ae25ddce;2;3;7fd460e8-15f2-4c8c-a371-e358a14e1cb0;#N/A;#N/A
1b11d2ea-073f-4872-b4f9-e9f5122bb898;LDM/111;111;01/01/2017;True;NULL;0;a13032fa-68d7-4aeb-b6ea-109883d57031;2;3;421bfd73-df96-42b8-8403-7dd9e9a3eb65;421bfd73-df96-42b8-8403-7dd9e9a3eb65;#N/A
1c74b341-0947-4868-a9f2-bd9b37192da7;LDM/054;54;15/06/2016;True;NULL;0;c71ce8e8-f43f-401f-bed4-64cce3772276;2;3;62f65b25-efed-44ea-8fbe-6fd0d06a4eee;#N/A;#N/A
1cb56727-8f2a-4575-852c-4960dd8bcd06;LDM/168;168;27/11/1995;False;NULL;0;6a864f7f-de36-4392-9da7-06d91053729d;2;3;3f075411-9581-45e7-a6b2-842b74f9a19a;3f075411-9581-45e7-a6b2-842b74f9a19a;ESPACE COSMETIC
1ef0d74d-6647-445e-bca8-cca17f58e7d7;LDM/206;206;28/04/2021;False;NULL;0;a07c4b46-3dd7-4d41-85df-d6d126ec30e0;2;3;5cdf2e29-5c5d-490c-8c39-8bbbb4f98991;#N/A;FIVE MARRAKECH
221a75bd-55dd-4b2d-acb9-e7af7ddcaf09;LDM/118;118;06/03/2018;False;NULL;0;0da587cb-a530-4763-89e3-aa5a9cf5904c;2;3;d0d5f302-aa6b-4a41-ad9f-77749d472612;d0d5f302-aa6b-4a41-ad9f-77749d472612;SOCIETE DE FOURNITURE D INGENIERIE ET D INTEGRATION  - SF2I SARL
2226a61a-6478-497a-83bd-0c0c55d3c98d;LDM/129;129;03/04/2019;False;NULL;0;6c9d018f-d5eb-40c5-a7e3-da568af7ca78;2;3;d1260f79-7386-4949-8586-4bbe10d50247;d1260f79-7386-4949-8586-4bbe10d50247;PROVECTIO MED
22b122c2-f46c-4713-8608-b9956c52f067;LDM/137;137;08/07/2019;False;NULL;0;5aa6eef5-7894-461f-ba68-60237630eef6;2;3;90c4440c-6c9f-434a-b986-7fe71bc3f6fb;#N/A;FORTIMO
233b09f6-45d7-4bbd-939e-e4e00186decd;LDM/010;10;01/11/2011;False;NULL;0;f1712fd0-b1b7-4518-8691-3affcd999727;2;3;41d4992b-cda0-48b2-b02e-e8db8533bc7e;41d4992b-cda0-48b2-b02e-e8db8533bc7e;PWC SERVICES
24cf4a6e-a41d-4df8-8ea0-e8765eea9e8a;LDM/161;161;19/12/2019;False;NULL;0;dd5abe7b-cf0d-4113-8c18-6d08db3dae94;2;3;d63106fb-8e80-433b-9c7d-5b1fca73399c;d63106fb-8e80-433b-9c7d-5b1fca73399c;DIGITALENTRH
2500c83a-c6e0-47ab-aba0-17f6be7162a8;LDM/172;172;22/01/2015;False;NULL;0;ccb0ba4f-cd00-47ca-9a24-96ff675f0d05;11;3;7e485fc8-0b9c-4333-88f5-d106c2f8173e;#N/A;NEONN ADVISORY MOROCCO
2587ab7e-bc1c-4022-ac6a-8b4c04d85b4c;LDM/095;95;07/05/2018;True;NULL;0;87986fdc-0d49-42da-a57b-40613ae8e67c;2;3;f97a95b3-a625-4180-bad0-675069dc9ade;f97a95b3-a625-4180-bad0-675069dc9ade;#N/A
26ebd0c9-6b73-40b7-b0fd-a55649ddefb9;LDM/035;35;01/12/2014;True;NULL;0;3925a265-2b2c-4792-bc03-940a25380ac0;2;3;ae526021-6357-4df3-8117-05786c6dc166;#N/A;#N/A
287e66da-f967-4b4f-866b-7dc85a13445f;LDM/101;101;19/06/2017;True;NULL;0;bab5288d-35de-4258-9942-e3a47fb1ac01;2;3;bebfbf16-a514-4344-b215-87af2fff2763;bebfbf16-a514-4344-b215-87af2fff2763;#N/A
28de8818-b7c1-44c8-9496-121a842f1265;LDM/114;114;13/12/2018;False;NULL;0;c7f2ce82-867e-4803-afd3-f25402bd6724;2;3;7f39212e-56fe-4863-8d84-e151a4ddd189;#N/A;MINCATEC ENGINEERING SERVICES
2904ac8c-48d8-40ff-be75-68f47704c403;LDM/116;116;12/12/2018;False;NULL;0;22555e64-7835-4b6e-8ff3-0a5e215ca81a;2;3;055e6953-1240-4772-a6f8-8c5ab7796403;#N/A;CLUB FK
2b85e5be-5b49-4f53-89be-8b8a919d2f7c;LDM/128;128;01/04/2019;True;NULL;0;1e255dc3-c5bc-48cd-b4d3-96f110d81844;2;3;44d60deb-a2c8-43e3-ab6f-95c0a84f5027;#N/A;#N/A
2d1860fa-18c3-4925-9471-95c7eebeb272;LDM/119;119;13/12/2018;False;NULL;0;5ed46c5e-ec66-4c29-a75b-224de0a50dad;2;3;26f8bbd1-c578-4a5e-812c-d7c343e31e72;26f8bbd1-c578-4a5e-812c-d7c343e31e72;DIGISMART
2d5ccada-954b-461a-a63e-fe88ae24ab76;LDM/067;67;01/03/2017;False;NULL;0;40d9a9d3-7edd-453b-9515-9750e2fa4d37;2;3;3dd7226a-6938-4819-9aef-573075d35acb;#N/A;ETRE ASSURE
2f22d79c-bb32-491d-8456-71f2f31c3ca7;LDM/052;52;01/05/2016;True;NULL;0;4a83a0ce-99b5-41af-b2d0-c33b734936df;2;3;2d742644-ee18-43a8-b05a-94a019ab5e2e;#N/A;#N/A
30402d12-0812-4888-9f01-e583c7f55cfb;LDM/182;182;04/11/2020;False;NULL;0;3aef490c-eafd-4fd4-9752-310222c77cb0;2;3;ee2f8e38-d5bb-4630-93ae-bb8557af713f;#N/A;EOSIT
310aa642-66f4-4907-b7e0-66aab77fd3da;LDM/205;205;04/03/2021;False;NULL;0;ac137e4d-eaad-45cf-912a-8c19be1bd03c;2;3;b8ccb454-d80c-499d-9ef0-622a9b0aaf2a;b8ccb454-d80c-499d-9ef0-622a9b0aaf2a;CITY MATERIAUX
318eb89f-dc75-4007-8817-45c19698d5d2;LDM/200;200;12/03/2021;False;NULL;0;e50b979c-7eaf-47ec-9fc3-af25993bd06d;2;3;1b666a4e-31ae-481c-b571-b9f0c8d03629;#N/A;ABO INVEST
31e01eaf-c40d-4cd5-9012-2eb0355266e6;LDM/133;133;13/05/2019;False;NULL;0;bce2bdf1-1c86-49c4-9157-99d4b2cf31c1;2;3;661b6723-abd2-421a-a9c8-d1f139fb3259;#N/A;HAIMAR NADIA MODUS 2N
326e6527-f0dc-44cf-92aa-f385c812663e;LDM/108;108;01/01/2006;True;NULL;0;5dca0422-85ac-4a60-bced-6009f86803c8;2;3;54ff003d-98a3-43a9-8abe-85b4f5c11cc2;54ff003d-98a3-43a9-8abe-85b4f5c11cc2;#N/A
32931727-d55d-417b-becd-a2a2abe06aa9;LDM/204;204;07/04/2021;False;NULL;0;c73ece08-86c2-4f2a-b934-2e17552c7bd3;2;3;00e0bab7-8c54-4c89-b112-e9f9e51aff08;00e0bab7-8c54-4c89-b112-e9f9e51aff08;TARGET COURTAGE
32c70d46-ab23-4a85-b294-5082d1734d15;LDM/148;148;06/12/2019;False;NULL;0;fa805931-1e3a-43f9-83ec-212a8e5327b5;2;3;daee6fc8-722f-4de9-9811-4a4243c4bf6c;daee6fc8-722f-4de9-9811-4a4243c4bf6c;ABSOLUTLINK
33189e46-2b4c-4017-9ff0-46763d3fd24a;LDM/068;68;03/03/2017;False;NULL;0;da3130b5-f3fd-4a4d-b861-5c5e095454fc;2;3;5ccfe84a-7ca7-4467-bd00-8928b50d8a25;#N/A;TOP FOODIES
34c3abc2-852f-4c42-a2e8-667a264eb4b8;LDM/023;23;01/01/2014;True;NULL;0;4dcde799-ba3d-4a6f-a849-3a80edfe3882;2;3;591a0c3e-65fc-41be-9e33-be6bcdf5d39d;#N/A;#N/A
34fcfe29-2820-4917-a0ef-1c4564629982;LDM/171;171;05/12/2019;False;NULL;0;a11c5369-aef6-4643-addc-7c5a5f73dc28;2;3;ff1ec682-d4be-4149-9f16-3c081fdb5603;ff1ec682-d4be-4149-9f16-3c081fdb5603;VASPP NA
3702d82b-0f35-40ce-89fc-beb988bd8556;LDM/016;16;11/02/2013;False;NULL;0;e81ac1db-ae08-42ba-80fe-b591a610e39d;2;3;4b4126e4-cebc-427a-9a02-e8aceb6ce83f;4b4126e4-cebc-427a-9a02-e8aceb6ce83f;UMANIS BPO
38138a5d-6d29-4430-854d-75e2dced75f4;LDM/167;167;16/12/2019;True;NULL;0;051572de-8ace-49bf-bddb-8deaf1543655;2;3;5e45c4c7-3797-4a32-b773-82669be80996;#N/A;#N/A
38939214-76c0-463d-a210-bd8c135e69c4;LDM/084;84;13/11/2017;False;NULL;0;05e55531-0fea-4afa-9219-9610c962834f;2;3;e8bebdb7-6de9-4fc9-9a00-0014a1fe7e67;#N/A;TENCALL
39506c77-4d2f-4f28-ab24-6c861a7b0fe1;LDM/026;26;14/02/2014;False;NULL;0;627a4394-8a4b-4bce-8adf-763b2f74885a;2;3;dfd34285-0072-4c47-88c4-9d26445740d4;#N/A;GISELLE HARDT
3a347130-c324-42de-9c7f-e389d705729c;LDM/189;189;28/01/2013;False;NULL;0;7914b466-5eb5-4605-ba5f-0f9a9106fc81;2;3;5aed1450-64f4-401a-b472-1f764a4926e8;5aed1450-64f4-401a-b472-1f764a4926e8;MK METALS CORPORATION
3a4d61d4-21cc-428d-9510-b5886f5049e8;LDM/009;9;06/06/2011;False;NULL;0;f15277ee-a764-4c36-a66f-fb61c96c6cd1;11;3;89455d32-cd2b-45f6-adfa-f8c956078f63;#N/A;TPI
3c921cdb-97f4-4174-8be5-046ad7f09301;LDM/083;83;01/11/2017;True;NULL;0;49e7370c-46fe-45da-beac-0df80cc88ffa;2;3;6068e87d-fce9-4aec-9bae-1e44f3e93751;#N/A;#N/A
3dcfc53b-bbb7-42e1-8b1b-9084e6b711c6;LDM/176;176;07/08/2018;False;NULL;0;b74dc55d-7ec7-4fe4-ab07-92a140445f7a;2;3;2b94f8f2-befc-4e59-894b-49952db8f7df;#N/A;KAB SHORE
3ecd719a-16ed-4850-b07d-4d532eca0b0d;LDM/018;18;17/07/2013;True;NULL;0;6de3fba8-a42f-45b4-bf3c-8d6c38c14800;2;3;db8188e4-bd4b-4cc8-8a77-d20e810d1661;#N/A;#N/A
3fcc88be-0b4b-46a4-bfd7-28e34a7e2189;LDM/173;173;10/03/2020;False;NULL;0;9f83f033-f3a4-4a54-90a8-d8e068406fb6;2;3;c6985e75-4ebb-497a-a44e-5d7e07a62cb2;#N/A;BLUE-SCRATCH CONSULTING
40e4f3d0-bf7d-49f8-979d-4b4154a23b7e;LDM/066;66;21/02/2017;False;NULL;0;6137d92d-f392-45de-aa00-f2ede16491cf;2;3;0f3e1580-00a0-41bb-b508-0116f5f26da3;#N/A;IMPACT CALL CENTER
4391847f-f2a8-4a25-8eba-3ed0e7b1ec19;LDM/072;72;29/05/2017;True;NULL;0;6521060b-e15c-4f6f-9e91-ffc932d81847;2;3;d1dfb851-a412-4ec3-aaaa-8841ee90d87e;#N/A;#N/A
43aa7571-67c1-4ee0-b33b-9b9398355b00;LDM/039;39;06/02/2015;True;NULL;0;6b7d76a6-5777-470e-98ae-678960880b45;2;3;34771ec7-72c2-4dca-840a-ed703cf8c30d;#N/A;#N/A
466a1bf3-1b1b-44b7-8a25-f49ab432fd76;LDM/077;77;07/09/2017;False;NULL;0;5819e312-5725-4b8f-ab70-526157dd6f41;2;3;526af065-21e2-4fb9-ab15-f1601cb41a50;#N/A;DIGITALSTONE
467d658e-7c52-4032-8b5f-d748d339f6df;LDM/017;17;01/07/2013;False;NULL;0;25698e43-80b3-4ca1-bdab-d73a6d0532a0;2;3;0c1f3ee4-6574-439f-964b-a867a8d2ed1a;0c1f3ee4-6574-439f-964b-a867a8d2ed1a;NEW WORK LAB
468f7188-380c-451d-a552-48f5762c85b1;LDM/211;211;17/04/2018;False;NULL;0;7a66000a-79e5-43ff-8f6a-076612825ca9;2;3;eb60bc26-ba61-4e92-94c8-01489d4acd7b;#N/A;DAT AUTOMOTIVE
470f3230-41da-4a0b-b2ec-e56dca649b2e;LDM/144;144;16/09/2019;False;NULL;0;ea4175b3-68bc-4b1f-99e8-36dac1b3a6c7;2;3;fb2a1928-1a83-4f28-a4b4-6d5c166d145d;#N/A;LUTECEA
47b9468d-3858-448e-90d3-eb569bc0094b;LDM/127;127;20/03/2019;False;NULL;0;212e3210-ad47-4f36-9b8e-4650edc6ea56;2;3;80509030-403d-4ffb-a98c-99852108beb7;80509030-403d-4ffb-a98c-99852108beb7;HYDRAUMET INGENIEURS ET CONSEILS
4895bb10-85b3-440d-93ab-2b87892cfb7b;LDM/199;199;17/03/2021;False;NULL;0;72734cad-cb3f-497e-86fb-22113dbe8095;2;3;c7f6bb09-de2d-4cf6-85b8-1e8154b67ae3;c7f6bb09-de2d-4cf6-85b8-1e8154b67ae3;SMART DIGITAL WEB
48f6c7de-93e3-44bf-a830-083e92f2b3d8;LDM/013;13;01/01/2013;False;NULL;0;1b950313-381c-4c34-8454-31eafb78c888;2;3;b3abc64d-bfd6-48f7-9f39-d7e0e15b35e9;#N/A;TOKYO CONSULTING FIRM
49c144b0-9d9f-4d90-bb3f-b95e31ba9cf4;LDM/132;132;30/05/2019;True;NULL;0;35ca9696-6054-438c-b851-f6376e3fb40e;2;3;5bdaef04-f099-4d1b-b817-79b53e30f6dc;#N/A;#N/A
4a2edaac-176e-475b-902f-d9fec271a3db;LDM/103;103;31/08/2018;True;NULL;0;ca969645-3eaa-4236-b977-e812ac706df7;2;3;4eccfe1a-6dc6-4eb6-ba22-d9022454d6ad;#N/A;#N/A
4ae7e940-952b-4ed8-a7c3-52968eee20ee;LDM/131;131;15/05/2019;False;NULL;0;8c7b95c7-70ad-4f1e-aaa2-c14ca1fbeb0f;2;3;328179c6-d003-4b0e-af26-78b8d30cf40b;328179c6-d003-4b0e-af26-78b8d30cf40b;ANTECO SYSTEMS
4c0ca1bc-a7a8-4351-808c-5caa89de54f9;LDM/043;43;11/05/2015;False;NULL;0;e9c3d02c-a1ff-49d8-a960-5cfbd7a5e49b;2;3;a5a457fe-ff39-4f0b-9826-ec365282fcc9;#N/A;MISTER DJAJ
4d156c61-f311-4b7b-85b3-d5397a1cd756;LDM/091;91;26/03/2018;False;NULL;0;196523f1-a095-4322-b944-417df4747033;2;3;8b3fce9f-bf01-42ac-bb38-4eae54d4b09f;8b3fce9f-bf01-42ac-bb38-4eae54d4b09f;EOLIA SOFTWARE MAROC
4e964916-00ad-4661-a475-456bdc04eee6;LDM/048;48;14/02/2016;False;NULL;0;47033205-cde4-4498-a742-4db081adceb5;2;3;46411a1a-c314-4f3e-9b02-bed5a531b6ed;#N/A;UTOPIA IMAGE
4e9f4b96-fd8f-4172-b70e-6e7f1c5b41c9;LDM/125;125;01/01/2013;False;NULL;0;0fcaf721-0cea-445d-9c13-d17a1dd7f890;2;3;6ed32a76-1790-4c53-a0a7-a94fdc17f5e5;6ed32a76-1790-4c53-a0a7-a94fdc17f5e5;RESTAURANT LA VERANDA LOUNGE
4ef7667c-eb60-4fdf-8b39-de52fa539d84;LDM/209;209;02/04/2021;False;NULL;0;6cbaf0b7-dc96-40d5-a492-003677d66283;2;3;89fe2237-f5e2-4c6d-ac27-417882247a6c;#N/A;BATBUT.MA
4ffd9881-f715-4e90-beec-fa4ed122d53e;LDM/097;97;16/11/2017;False;NULL;0;d575a671-51ee-4571-b5f8-7b3a2dea8290;2;3;d1d3c81c-78f4-4886-9cf9-f6fc1af2d7ea;#N/A;BOTTICELLI SERVICES SUCCURSALE
504b58f8-d617-49bb-a421-a00d33c0ad57;LDM/152;152;19/12/2019;False;NULL;0;6ac8928f-de1a-491a-bb14-1f1b33bd3e37;2;3;85876744-a9ac-4d21-95f8-faf272e807b2;85876744-a9ac-4d21-95f8-faf272e807b2;AMBED VALUE
520726c8-3265-4b0b-8cb5-39f23a341404;LDM/147;147;07/01/2020;False;NULL;0;fbdc68fd-b08c-476d-91a8-265ef1253ff7;2;3;99fabe77-1c31-47e2-bb0b-a10fc2d2412b;99fabe77-1c31-47e2-bb0b-a10fc2d2412b;CITYGC
557b2a04-0294-43b9-8eba-506d0fa05bab;LDM/002;2;10/01/2006;False;NULL;0;2d74a4b6-6ced-44ad-915f-a4078c35f94b;2;3;2900ad33-96df-4dc7-b80d-56b522be970d;#N/A;ALSIMI CONSEIL
55d79ace-cfdb-4338-b9bb-f72e3823c312;LDM/191;191;01/02/2021;False;NULL;0;851b2b2f-ee1b-4ef8-98b4-bbdd3feff815;2;3;cf2ac63f-13e0-453b-b95e-c62387ac5dd7;cf2ac63f-13e0-453b-b95e-c62387ac5dd7;OPTIGENIE
57abad94-738f-4abd-bbd3-bb26719e89c2;LDM/034;34;13/11/2014;True;NULL;0;de95680c-e51c-42e3-93f4-36766c9df390;2;3;a9265bd0-961f-42f3-b64b-6680ce040bc9;#N/A;PROXILOG - MECHETY PP
58a07816-4c90-4c19-b172-f2faae9ca16c;LDM/056;56;27/07/2016;True;NULL;0;d9cc16a8-41e1-4c12-b86d-41dc6fbcc11a;2;3;1bc1fbc1-fa40-43da-b59f-fef56954e2bd;#N/A;#N/A
58bbcb5f-51db-4f2d-bd6e-224b5f47d07a;LDM/025;25;14/01/2014;True;NULL;0;79d53731-1f26-41d6-998a-47641214bb15;2;3;e58d9f28-3158-47eb-a712-726d6f2da146;e58d9f28-3158-47eb-a712-726d6f2da146;#N/A
58ea3154-677e-4a4d-8eb4-c5f7e55717ba;LDM/057;57;10/08/2016;False;NULL;0;3cfc09ce-c8bf-42cf-8d5f-517617cdbad8;2;3;496da6ce-56c9-4e03-b728-f8788e06897e;496da6ce-56c9-4e03-b728-f8788e06897e;BLACK LEMON
5a4d9613-e54d-448b-b292-c0088f816ae0;LDM/183;183;27/09/2018;False;NULL;0;030f76df-ac7b-420b-83d0-ee6f623c075e;2;3;9addf962-f668-49b5-babf-e1d0e588128f;9addf962-f668-49b5-babf-e1d0e588128f;NEARSHORE CONTACT PARTNERS
5a7e82e2-0545-4cdf-b3b7-e64f5b06dd57;LDM/061;61;01/11/2016;False;NULL;0;99b9530d-2fcb-4e88-bc99-9b99d96b9e21;2;3;c1941c74-342e-422f-b38e-89f96b550686;#N/A;INTELINVEST
5b48e9d8-c88a-4ab3-b14a-dc0d836ceee1;LDM/157;157;26/12/2019;True;NULL;0;ed09551e-f019-4811-8732-565993447917;2;3;ceb29b05-7f95-480f-b29b-9d5eef3be292;#N/A;#N/A
5c506444-7ec3-450f-8f77-3d336447b35b;LDM/213;213;26/06/2021;False;NULL;0;31d21b9e-c879-4da6-8e25-d22417adc15c;2;3;#N/A;#N/A;EMITECH ENGINEERING AFRICA
5cc15e97-af0f-4481-a481-7fa0a72529f2;LDM/130;130;15/05/2019;False;NULL;0;aed6ae33-bc46-4944-90e9-e12faa0ee3b9;2;3;03d77d00-0a1f-4488-af0a-f2998ccc7bd5;#N/A;SECURAPM
5d5ebdee-4d84-48d4-987a-f80c1bc2a657;LDM/149;149;05/12/2019;False;NULL;0;4f568154-ca45-4e54-8dd9-e0701c81b35c;2;3;d1d54df9-af1d-466e-a236-052f4c9084a1;d1d54df9-af1d-466e-a236-052f4c9084a1;LEBONCALL
5e3386ca-fba7-44d1-8a36-2dac21f9c753;LDM/138;138;30/08/2019;False;NULL;0;ddbc4328-74f7-4fcf-8957-2fb3a59458ef;2;3;72b0a736-6650-43bb-a395-46c5c48476e8;#N/A;VALORIPRO IMMOBILIER
60f3c66a-a94c-427a-94ff-fc871eeb5559;LDM/019;19;01/08/2013;False;NULL;0;209c5ae7-5bd9-47cd-973b-1d0303627d09;2;3;aa179a3d-e187-44f9-a32d-ac8ed8885a4e;aa179a3d-e187-44f9-a32d-ac8ed8885a4e;ACROW MOROCCO
60f97044-f4b7-4a8d-b2cd-d97626b1b641;LDM/109;109;01/01/2005;True;NULL;0;9d3fc359-b86e-44cb-8d1a-2f9c93516f44;2;3;f5d31d1a-84d2-403c-a395-e4e4e441ccb8;f5d31d1a-84d2-403c-a395-e4e4e441ccb8;#N/A
62d7fb5b-cc29-460c-821b-f5bf3b3e3c32;LDM/074;74;12/07/2017;False;NULL;0;23ca3acc-e0ee-442a-abee-f29de387301d;2;3;34f2b9c5-fad4-4d52-8991-de02014edb47;34f2b9c5-fad4-4d52-8991-de02014edb47;HUMANIA BPO MOROCCO
657cab7a-fbdf-4514-8c50-6b7445eb1fb9;LDM/099;99;29/07/2016;True;NULL;0;3e6bda08-d7e6-4e3f-82c1-3a38d5fd4807;2;3;8ae38629-5574-482f-b10e-fe30db949fcb;8ae38629-5574-482f-b10e-fe30db949fcb;#N/A
669401a4-db32-4a08-9d7c-b7a7022c4685;LDM/015;15;01/01/2013;False;NULL;0;94151a9f-262c-4a5a-807b-843807096e16;2;3;9195f156-7920-42aa-b98b-fcd370195b41;#N/A;MODCONTROL
671638c1-12c1-4a6f-9d54-bf23cf49f1c0;LDM/179;179;21/03/2011;True;NULL;0;8de58ffb-3df5-488c-9802-3046290ce9c2;2;3;899b364f-3eac-4f2b-bf8f-ac8279e586e7;#N/A;#N/A
676d1630-d2f5-4491-80c2-c85606963265;LDM/207;207;06/04/2021;False;NULL;0;52d0e5d5-1256-4b7f-a012-18b3fe370759;2;3;26c17c49-cd0d-4339-8425-aa3413b3bc2f;#N/A;CAPIMED
69521148-f29f-42f7-9e80-5a9d32826f63;LDM/110;110;27/10/2011;True;NULL;0;7361987a-c77f-4cd8-b832-f2a5b8340b6d;2;3;3bd17d1e-9249-4563-93c6-ab06ad2f87f1;3bd17d1e-9249-4563-93c6-ab06ad2f87f1;#N/A
6b9fc6a5-fd1b-4dfd-8603-e0b0fbf72a91;LDM/041;41;26/02/2015;True;NULL;0;e0879fef-c495-40b7-a5d4-06f1cd6ddc75;2;3;ab74d04b-2c47-4b85-a731-0f85b879d4ae;#N/A;#N/A
6cfb290e-1907-4353-90d7-61b5dc1a9d30;LDM/024;24;01/01/2014;True;NULL;0;3108ff21-7356-43a3-b078-08314d9ea117;2;3;f83c73ca-da64-40d1-8ff8-fe3eed3d3ffb;#N/A;#N/A
713738ce-2311-4c8b-af2b-54285d891f16;LDM/038;38;09/01/2015;True;NULL;0;ad67f7e5-c1da-4be6-9be3-081cb4f6c95f;2;3;8d558375-ff59-44a7-a983-45e0c05297cb;#N/A;#N/A
71a3dc9e-87a4-4413-bed3-429970b05161;LDM/134;134;01/01/2013;True;NULL;0;992edc53-8b91-4144-9784-c247ac4777f8;2;3;86eb9cf2-0c69-47df-84c4-a5ed55056e4e;86eb9cf2-0c69-47df-84c4-a5ed55056e4e;#N/A
722a4d5e-bb18-4979-8ad0-2b4a9506916a;LDM/082;82;26/10/2017;True;NULL;0;74e354d1-d884-4a10-b112-52f9efb8776d;2;3;9e2ff011-0234-45c3-83d7-563e0e382b9f;#N/A;#N/A
725e7873-2713-4c10-a5f4-4ec6a0079607;LDM/180;180;21/09/2020;False;NULL;0;e88cdc99-e957-4e5c-94dc-1562049b3903;2;3;9b721603-4e80-4a4d-a835-096116ee633f;9b721603-4e80-4a4d-a835-096116ee633f;HUMANIA ITO MOROCCO
72c2a0fe-9603-4466-a69c-8b3b7768f45f;LDM/064;64;20/12/2016;False;NULL;0;5bcfa372-c8e5-421f-86b3-dc3c40ebd0b7;2;3;589b7540-9f4c-413f-a1ae-e2554c06bc3f;#N/A;ATTON MARBRE
760dd9c1-cc6e-4679-8640-9cfdb413bd8c;LDM/212;212;19/11/2018;False;NULL;0;933808ae-1a50-448a-b502-2eaf670117d9;2;3;08b3f5b1-37c2-453e-b19c-547d3e727f37;#N/A;NALIXAM
76589e3b-e7ae-4cd1-a7e5-92e93b335421;LDM/065;65;01/01/2017;False;NULL;0;9ad8364f-0be0-4f02-ad10-6836b476f81b;2;3;060dec54-b161-454e-bf34-86727a080ece;060dec54-b161-454e-bf34-86727a080ece;AMIMA
76d721c2-b3b0-4c33-9f84-4721a93e73f0;LDM/124;124;01/01/2011;False;NULL;0;3f141265-6c24-4ce7-a082-714be975e355;2;3;62645c35-e419-4bc2-bdba-1cc944cc6da9;#N/A;EUROMED F.L.G  SARL
775b06d7-4202-4812-b70a-cb20424a7f79;LDM/215;215;01/07/2021;False;NULL;0;8c69a5bd-30fd-4175-8899-ac9e3e4354e3;2;3;#N/A;#N/A;DANBITEL
7a9ee77c-34a5-440e-ac7b-86aa2a4cda1d;LDM/094;94;03/05/2018;False;NULL;0;568cbb9d-c068-477d-ac76-57d34fb8d8fc;2;3;9ad47576-e7ab-4c2e-90fe-1b170527ce7a;#N/A;NOVECIO
7c122367-4036-4d58-91aa-44176094aa7a;LDM/086;86;25/01/2018;True;NULL;0;90b0985d-46c3-4c4e-b115-3ba4fc7c7341;2;3;4b9b6ad1-90a8-4ad1-8b2c-8066ab7609ae;#N/A;#N/A
7c91542e-30a2-41cf-90c2-5dae63545c1c;LDM/155;155;19/12/2019;False;NULL;0;956668ec-3cfa-449a-af29-f4790df7c493;2;3;43e421f8-15e1-4592-b327-705a62d7fbfd;#N/A;ALLPARTNER
7d4f8ba7-8344-492e-9eeb-2b18805e5729;LDM/w02;w02;01/11/2018;False;NULL;0;84f06abb-269e-4afa-a0b5-db235742c07f;2;3;ac19fc6f-bd5b-4366-8fac-927e65a38362;#N/A;SOUHAIL JAHIDI
7d890527-76be-4f08-8016-cf13564de64b;LDM/069;69;07/04/2017;False;NULL;0;9b3c6272-fdb7-4e39-9eef-cdfacdc68e3f;2;3;4db111b1-e6db-42a2-a9c2-b1007f6caf3a;4db111b1-e6db-42a2-a9c2-b1007f6caf3a;FAYAT ENERGIE SERVICES INTERNATIONAL MAROC
7dd60171-89ba-4de7-818e-783e76e31bf4;LDM/174;174;25/09/2019;True;NULL;0;4c9937a1-27d8-4c27-9704-7aec665c4270;2;3;2f6e8c41-96ff-45ac-9c0e-078521cf0694;2f6e8c41-96ff-45ac-9c0e-078521cf0694;#N/A
7e7119a6-a8e6-482c-adaa-3a61f5bcd3d0;LDM/004;4;01/04/2009;False;NULL;0;482d534d-11e8-462c-8f6b-1e9d5989d4be;2;3;32870bf1-9f67-41b8-a10c-343ea7bdf6ec;32870bf1-9f67-41b8-a10c-343ea7bdf6ec;JRP MAROC
80223f46-0b8d-40b7-9b57-a51635f3d265;LDM/076;76;28/08/2017;True;NULL;0;36422293-4e63-4a64-8bb7-61d3fdefa125;2;3;bedeb0f3-41cc-48f4-a357-bed231c822f5;#N/A;#N/A
82af76ef-259b-44bc-892d-c84d14085a04;LDM/115;115;31/12/2018;False;NULL;0;6bf7e926-8a93-4f31-83c2-5ea9f0971bea;2;3;571c3e6e-f293-40f6-9678-208f77fb65cc;#N/A;BENKARIM GAZ ET SERVICE
82b12355-f5d0-42c5-9a4a-b4926ef2d374;LDM/063;63;16/12/2016;False;NULL;0;5310732f-222b-4c07-95e8-f889ed5e0c9b;2;3;37e24de2-1b55-4140-8b1d-32cd2136aac2;37e24de2-1b55-4140-8b1d-32cd2136aac2;CAPIVAL
84098081-dfe2-441e-96d0-b9910a2a89a4;LDM/053;53;02/05/2016;True;NULL;0;8edc0060-8e7e-4f3d-b2c0-c1be88dcd8d6;2;3;73526a78-9c4a-4ebc-9b00-ba5c07cbed0a;#N/A;#N/A
84854214-9d0a-4747-b7c1-52805dded9af;LDM/202;202;19/03/2021;False;NULL;0;6525ae7b-9f0c-43f0-8dd1-e6349ff4ab3c;2;3;dbffc48f-5fa8-4d73-af58-0d998111c564;#N/A;MESURES ET TECHNOLOGIES
84a16b31-4c9e-45ac-8dd6-caf183bfb9ca;LDM/121;121;15/02/2019;False;NULL;0;e665d369-577f-49da-96ff-eab432090fb4;2;3;05144125-b504-4524-8bf8-8f31bf9af49b;05144125-b504-4524-8bf8-8f31bf9af49b;IKANBI BPO
84a85e2f-62f2-4df7-b028-d2867fc7265c;LDM/177;177;05/07/2020;False;NULL;0;5b4cefef-376f-41ee-b6ea-451de3cdf013;2;3;993d0fd0-cec4-4b9e-8697-1bd0ae6c253b;#N/A;CONFORT GAZ
85236641-cfe4-4ca7-aaf5-e48f2f30ca3c;LDM/175;175;03/12/2013;False;NULL;0;6cc70c7d-7a17-4435-9043-06f50ed03444;2;3;355125f3-f26c-41a8-a503-1773ff1d946d;355125f3-f26c-41a8-a503-1773ff1d946d;VISIOM MAROC
891e7473-7f57-43fa-9b84-0aa9cac62059;LDM/197;197;25/03/2021;False;NULL;0;c4c04c8f-11d0-401f-99f8-fbd654eae724;2;3;04e9187b-b987-49d3-975d-e71df59a80a3;04e9187b-b987-49d3-975d-e71df59a80a3;KOGIMED
8a8d465d-2278-4e32-930b-319259898571;LDM/089;89;14/02/2018;True;NULL;0;2fb55d23-7707-4de1-b9d4-8d74dadae78e;2;3;96b73a84-dae2-47ee-b30d-6190dedc71f9;#N/A;#N/A
8bea5133-7346-4d20-93bc-1c06134334eb;LDM/140;140;08/07/2013;False;NULL;0;b0c833af-ac66-4b94-9f4e-3b709d6d6673;2;3;b1a63124-9d07-4175-8997-eb81dcee7afc;b1a63124-9d07-4175-8997-eb81dcee7afc;MPQ MAROC METROLOGIE
8d73936b-bd88-4f0e-ba0c-030b09193e4f;LDM/050;50;18/03/2016;True;NULL;0;73b5f2ef-b729-4076-bd7b-b9280588ad58;2;3;1b6f4d7c-609d-49a0-b0e7-5ae0a39f01c0;#N/A;#N/A
8f667413-e1ae-4cc6-b0ea-f813fd63d379;LDM/150;150;06/12/2019;False;NULL;0;5337d143-2812-4ced-9d32-3adb1ed704bf;2;3;78ca2257-06bc-4394-9152-a5432598f654;#N/A;YELLOW DIGITAL
8fe1c500-dd2c-49d5-a9ed-e65d3458e839;LDM/145;145;21/11/2019;False;NULL;0;a0c738e1-41fa-405c-9806-d5f66ee1d096;2;3;26f6db35-9d82-491e-b01b-3c794d71a9f3;26f6db35-9d82-491e-b01b-3c794d71a9f3;BTPARCHI DESIGN
908387f3-2d4c-423c-ba69-7710c9178ed8;LDM/027;27;16/02/2014;True;NULL;0;a6c0dae1-d517-4ace-9c1a-b5e4d4bccedf;2;3;90ed22c8-d978-4e8d-9442-c370bd3760df;#N/A;#N/A
91738d2d-2461-4b8c-b4eb-350b8b9368d4;LDM/w01;w01;01/11/2018;False;NULL;0;5f11347d-93bf-4a8e-aa0c-fee173b84e97;2;3;15efb361-d3e0-4d70-8a5b-1ca962318dd8;#N/A;AKALAY ISMAIL
91bb70ef-8455-490d-af35-671b48fd6146;LDM/042;42;17/03/2015;True;NULL;0;f446afb3-376e-483a-80c5-bce1cc187b31;2;3;f7be10f7-c6d0-4244-b492-1fdd707b62cc;#N/A;#N/A
9264e1dc-afd7-4fad-bb1d-ec011dad3880;LDM/170;170;23/01/2018;False;NULL;0;7f6bd750-ec54-4b46-ba3e-852d27d2005b;2;3;dc153e49-1182-41a7-b89b-45df525ed2fa;dc153e49-1182-41a7-b89b-45df525ed2fa;CIRCET MOROCCO
94304ab3-cc3d-49f5-b285-a8bafdacdd79;LDM/073;73;05/06/2017;True;NULL;0;4874ef8d-f2a7-4a49-baee-d27a562c902f;2;3;ab53f6c7-5462-4c37-a03c-f10f72974217;#N/A;#N/A
96f16cab-8fe2-4c1e-8298-f4166580cbf5;LDM/087;87;01/02/2018;True;NULL;0;af44be65-2821-435f-8cae-91935691c802;2;3;bfe4e74c-6558-4d4e-8afb-cb600f4cd2b9;#N/A;#N/A
97bfd0a3-663a-4652-9379-fa538cf2fa01;LDM/092;92;01/01/2013;False;NULL;0;01751e69-acb2-4b14-9647-1059ac121eb9;11;3;cf9b9080-ef60-4d6e-ac88-29e9c50c41b6;cf9b9080-ef60-4d6e-ac88-29e9c50c41b6;FLS MAROC
9804557e-c793-48de-ba62-d19ae45473e9;LDM/122;122;25/02/2019;True;NULL;0;8b109198-b34c-46f4-9362-cc22b3247850;2;3;f14039bf-e9b7-429f-8827-181985b2d0bf;f14039bf-e9b7-429f-8827-181985b2d0bf;#N/A
987d8d61-3412-41ec-8816-2781780d5c1b;LDM/160;160;19/12/2019;False;NULL;0;0837803d-8f52-47e2-b61c-9ed288827102;2;3;b3e365e8-b7de-41bf-88c6-eba84b2102d1;b3e365e8-b7de-41bf-88c6-eba84b2102d1;SOFTCOMPLIANCE
993f3850-0d91-4d00-b2bc-7dfb126ded6d;LDM/098;98;22/12/2017;False;NULL;0;bfc20ed7-d4fc-42f2-9631-9d2227a8d5a8;2;3;1b160647-cc79-4de7-80b1-1bb2e197cb3a;#N/A;BOTTICELLI WEB SUCCURSALE
9ae28116-8a58-4fbd-93b6-11f0f4b78fe1;LDM/143;143;14/10/2019;False;NULL;0;90852177-69c0-43e6-824f-040eb1271154;2;3;985c2d12-a309-4111-93e8-5c329c080465;#N/A;UMGP
9b1deb19-dbee-4fc4-b60f-9414642ba39b;LDM/005;5;16/11/2009;True;NULL;0;5bb7de29-2ec0-4dae-9095-4e9ca5e74c47;2;3;6fc0e844-7f4a-4ac6-9bc7-cd44b651af7d;#N/A;#N/A
9c7d5229-6a31-4b0c-b447-ff1baf1a8aa7;LDM/214;214;03/06/2021;False;NULL;0;0b5fa02a-9cff-409a-bb41-bccc236ce003;2;3;#N/A;#N/A;DISCRET CONCEPT
9df2340a-a65e-4a58-87fa-b0ee140f937c;LDM/003;3;01/05/2006;False;NULL;0;7e580edd-7e07-4a8d-a409-2453e75d176e;2;3;931d7733-b77c-4839-8f7b-b8d76103febd;931d7733-b77c-4839-8f7b-b8d76103febd;BILAD FOOD
9e82d2a1-abec-47ff-9d54-9d08ac53e2cb;LDM/081;81;19/09/2017;True;NULL;0;1f58d592-a41e-4123-8d83-d94398925ecf;2;3;7196a5d2-0e41-4943-9862-b32f6d9dc628;#N/A;#N/A
9f9f4258-3209-4719-b48b-f95ff3ba2125;LDM/037;37;26/01/2015;False;NULL;0;b26aa525-78fc-4c16-8bb6-1b097bae8dbc;2;3;7f6fc770-33e7-4447-af09-5250285d1a9a;#N/A;ICUBE
a08cfea9-802f-4f12-85d9-fcbea15ae7d5;LDM/104;104;04/06/2018;True;NULL;0;e3d84893-b92f-47a3-a6bc-ce4b47eb70f4;11;3;54eef113-602f-48ed-b74d-63048cd8a21f;54eef113-602f-48ed-b74d-63048cd8a21f;#N/A
a1bb8a89-fd5c-419c-8a38-696f65545a4e;LDM/123;123;19/02/2019;True;NULL;0;8972fa99-82a8-40f3-9667-1c286cabcd43;2;3;85f11960-fa43-40a3-8e22-536b04690d41;#N/A;#N/A
a1e5848f-ef5b-4f50-86d5-59ada666a126;LDM/164;164;17/12/2019;True;NULL;0;b74d8bd5-ed60-42a2-bc78-d65105694701;2;3;1c773ecc-a1fe-469a-8b16-29feb0ccfa06;#N/A;#N/A
a3679ffa-08fd-45db-8606-da4b2ca82db5;LDM/188;188;26/03/2015;False;NULL;0;c17b925c-c603-46ab-ab1c-80f5d2fca5c3;2;3;9049ff8d-2c1d-4204-bde0-9f56ef0c1d3e;9049ff8d-2c1d-4204-bde0-9f56ef0c1d3e;AZILOG
a3daf4e7-1828-4405-8353-a53f85b8d04c;LDM/070;70;10/05/2017;False;NULL;0;1b926206-ba7f-4ee7-a2f9-062b00811d24;2;3;18889026-7b61-4590-8a4f-5f02ff5a8cf3;#N/A;IT CLOUD
a5f2bc1f-ff04-4e83-b753-d13508e22b21;LDM/193;193;03/02/2021;False;NULL;0;8fde4012-d567-447f-9ff8-1f579868bb4d;2;3;b13a16aa-c16a-485b-904d-e017a9c6e2e8;b13a16aa-c16a-485b-904d-e017a9c6e2e8;INSIGHT LEARNING
a88a7d80-46bc-4331-8493-2eda995821f9;LDM/014;14;01/01/2013;False;NULL;0;36fecae1-c77d-4629-bc5c-8c12392646f1;2;3;235b5942-a882-4fbb-af08-19068baec291;#N/A;DENWA CALL
aa296f0f-7b0d-4407-8a98-9c8892866315;LDM/030;30;01/07/2014;False;NULL;0;5f7d8449-6e96-4ca5-81ca-0eb24b2bf7d7;2;3;cebb2274-dd6a-42e7-ba0e-937b29f0bc1d;cebb2274-dd6a-42e7-ba0e-937b29f0bc1d;PRICEWATERHOUSECOOPERS SERVICE DELIVERY CENTER (MAROC)
ab452713-ed6f-4b10-99ac-703459620a1c;LDM/146;146;15/05/2019;False;NULL;0;7c1e276b-86fc-4d20-9fd4-7adc1faa6c37;2;3;bbbcd774-d042-441b-9202-448c5daf2147;#N/A;PHYSIOTRONIC
ac2099e5-6d6c-45d8-9efe-cb59ffc50365;LDM/022;22;01/01/2014;False;NULL;0;c372282d-0430-484e-94b9-607270c2d4f9;2;3;707787ee-aee5-4ccd-88cf-c0fb40a36675;#N/A;CLOUD-ECO
af2f0e17-837a-4e69-99f3-baf0c0e65308;LDM/105;105;18/10/2018;False;NULL;0;754bb37d-53ec-4e0c-a8d9-f20aed3c5937;2;3;db83b366-f984-4413-a9cb-67ba8c428f3a;db83b366-f984-4413-a9cb-67ba8c428f3a;KEBIR MARBRE
af6cf76c-baae-4aff-b557-3ae46921bc3e;LDM/151;151;26/12/2019;False;NULL;0;cee5f97a-2c12-4166-8ade-88756a078b62;2;3;5cddc1ab-dfdf-4472-b0a0-232e7be0f1cd;#N/A;PRECINOV
b2119484-4dfc-4a7f-88ce-b421387f20a8;LDM/198;198;19/03/2021;False;NULL;0;8eb8374f-726e-400c-bc45-121841ba562a;2;3;f6e2f7e7-c787-49f6-bc35-ea2d4f19588c;#N/A;YARI INTERNATIONNAL
b37d100e-f41b-4cd0-ab6d-1d0a867a42e7;LDM/117;117;10/01/2019;False;NULL;0;9313a6a6-5556-44f9-9dba-efb89396af31;2;3;297ece6d-3c76-40bb-ae17-f5acda847c38;297ece6d-3c76-40bb-ae17-f5acda847c38;LIBRACALL
b5e07f06-5879-47c8-8b70-083376908b7f;LDM/036;36;10/12/2014;False;NULL;0;5791febd-60aa-4f6c-a5dd-5d2c35874869;11;3;3290b193-7510-4593-aafa-e465c272d000;#N/A;SAMVARDHANA MOTHERSON REYDEL AUTOTECC MOROCCO SAS
b83f40df-745e-4f84-b94b-8ed324b09082;LDM/165;165;01/10/2019;False;NULL;0;273c9bd8-a5e7-4d56-b322-31464e1e0bbe;2;3;8a3dea94-732b-4cbf-a759-ef0200ca0d40;#N/A;SLIMANI SIDI MOHAMED KAMEZI CONSULTING
b96ef761-ecc5-4f15-8d63-a81ec3823b4c;LDM/055;55;27/07/2016;False;NULL;0;839a516e-14eb-43b6-b2dd-3809ac1556f6;2;3;8f8189b2-a3fd-4baa-96bb-25ee17c7ca60;#N/A;DBMINDSOFTWARE PP
b997546e-12c4-472b-9fa2-3127cbb0b78f;LDM/093;93;01/01/2013;False;NULL;0;c849cc1c-6c4e-477e-afab-5c2d50023148;2;3;65c6bb36-a40d-43cb-8371-70f253c882cf;65c6bb36-a40d-43cb-8371-70f253c882cf;UFINEM
ba61a5fa-85f9-4fa3-91a1-7d21959320af;LDM/032;32;26/08/2014;False;NULL;0;841736e4-459a-4954-a7af-c2f4b0b8f073;2;3;e48ecd80-228f-44d1-8107-11240f7fadac;#N/A;RIMANSEIL
bdd0181c-3f6b-41e3-8e24-daf92da54de1;LDM/079;79;12/09/2017;True;NULL;0;52a2aa43-6395-4bf4-baa4-9ef57bee13fb;2;3;8a9108df-e36e-4570-8c15-157339e142f1;#N/A;#N/A
bf17ade1-0b8e-4787-ab2f-f354b12166da;LDM/208;208;19/03/2021;False;NULL;0;5917ad29-7b5f-4cef-8587-90e9b2e739cc;2;3;a314414f-3ddf-4689-977b-815449f2c21d;#N/A;BILAD FOOD EL JADIDA
c06f6800-961c-4c50-9292-a4b1b5470fb2;LDM/185;185;04/03/2013;False;NULL;0;847b944c-7fac-4f52-992f-351ab23c749d;2;3;49341369-06bb-4346-b89c-a17faf7b3710;49341369-06bb-4346-b89c-a17faf7b3710;ADRIA BUSINESS & TECHNOLOGY AFRICA
c42b2f9c-c84d-436e-b98b-fa7c50b5237e;LDM/162;162;29/11/2019;False;NULL;0;d5f51a89-5063-42b0-b0c1-91751361c454;2;3;01389ac6-981d-4f97-b151-a642683053d6;#N/A;DIGICODING
c4352ebf-894d-4ea9-9566-3d40f9ecf760;LDM/106;106;27/09/2007;True;NULL;0;7effa8bd-8bde-44e7-a09b-a2f9c33a8ef1;2;3;3e93dcba-a606-4c17-967b-f560bd3d3737;3e93dcba-a606-4c17-967b-f560bd3d3737;#N/A
c4a16854-0383-47f1-8689-e9777cd3b13f;LDM/031;31;15/01/2014;False;NULL;0;8ab84a2f-2133-489a-ac29-07e84beba62a;2;3;734639ba-c557-415f-a7e0-c57c3e9156fd;734639ba-c557-415f-a7e0-c57c3e9156fd;SYLOB MAROC
c50b577a-6116-4406-9428-80b685ac8ac1;LDM/047;47;01/01/2016;True;NULL;0;7cdb058a-b023-417b-8d07-2b74820337be;2;3;9676e756-2012-4415-bb6f-47a2856f9b62;#N/A;#N/A
c617384b-d3c2-423f-8956-7feac8f24d50;LDM/113;113;12/12/2018;True;NULL;0;ca8b5b0d-e9db-4be6-ae72-6125d8ace7fd;2;3;d14d9931-a44f-47b6-bbbf-0cb789b70e6c;#N/A;#N/A
c8fdf0db-4e85-47fd-aadd-d685deebd1e0;LDM/060;60;28/10/2016;False;NULL;0;96d2b8fb-e0a7-4651-a50a-2a1382a6c74a;2;3;e801dfd1-685f-4518-8f5a-f57ba14b377f;e801dfd1-685f-4518-8f5a-f57ba14b377f;HATLAS AFRICA MAROC
c98622d8-0a40-404f-a0c0-1ce579b0fd22;LDM/203;203;23/11/2018;False;NULL;0;c3b83bd5-f39e-438c-af7f-199a8165a451;2;3;0b5738cf-c8f0-4a2c-8f2f-b11c4b9b5735;#N/A;ABT HOLDING
cb68faef-1287-4232-aa33-14b8652774db;LDM/044;44;08/06/2015;True;NULL;0;1b110c43-7b85-47a0-90b3-2aa4f563c0cf;2;3;adbc4e91-e2c1-44b2-9b7e-9d9f8b1ab7d9;#N/A;#N/A
cc11a1b4-5e6c-484f-836c-5b723fe58c70;LDM/078;78;11/09/2017;False;NULL;0;9dcfcf8a-56db-4e76-9e31-741367f2a2ee;2;3;28e606a3-76ae-4c50-8bd6-8e73a95210ae;#N/A;ANYBRAND COSMETICS
cd31cc25-6ddf-4fe4-9a56-ed49177bc350;LDM/011;11;15/12/2011;False;NULL;0;9343903a-7eab-483d-8714-0443a26d4dc2;2;3;1983b349-aae1-4de3-bdd3-6b0eef1cd517;#N/A;ITNEWVISION AFRICA
ce1412f1-c89a-4c51-94f3-5c85901ffdb3;LDM/141;141;14/10/2013;True;NULL;0;1c3983a1-3b31-4640-ba07-7b710e998694;2;3;2b87de74-fb51-48da-b8c1-44408cdd32dc;#N/A;#N/A
cf1cde1b-0ddc-41c4-82f8-829a63bef92f;LDM/033;33;29/09/2014;False;NULL;0;53b47385-3bc6-47bb-839f-eda79e61c56d;2;3;7097554f-86c9-42c4-9486-ce159b5f2349;#N/A;EURINVEST
cf3bf80d-2125-4714-9c56-1f9949759402;LDM/216;216;02/07/2021;False;NULL;0;9dad52b6-2d13-449b-b340-3da4955fb0a6;2;3;#N/A;#N/A;CHASSE ET PECHE HAFFARI EL FARAJ
d0872c4f-f3de-483e-887f-f4e0a9c7fc2b;LDM/142;142;20/11/2019;False;NULL;0;2c1f90c0-da80-4f33-b267-e9d252a97f78;2;3;dcc83e41-1d1f-4b3f-b49e-3cae5b6be37e;#N/A;RUBISMED
d23edf61-e4ef-48f7-bb5c-3789731a1cf1;LDM/192;192;18/06/2018;False;NULL;0;323eed0a-5c1e-4bc7-b5d4-f87a8485a940;2;3;6c28cf18-651e-456d-9efb-060d2eca45a2;#N/A;SLIMANI SIDI KHALIL
d240f8d7-9149-4a6f-a26d-3705f839b228;LDM/085;85;23/11/2017;True;NULL;0;d1a82cec-e5c0-4f12-9e21-8ecfa22ab127;2;3;4a0481e6-7fa6-4a3f-8833-4b036841d8fb;#N/A;#N/A
d741683e-6a11-47e2-9ea2-53d4f997d29e;LDM/075;75;20/07/2017;False;NULL;0;dac5919e-1efa-4916-a7aa-0b8170f3c04b;2;3;b19528b8-d8f8-40d2-b66d-858ee980c151;#N/A;LOGIVALOR
d7506c86-24fb-4d6c-ae65-101e871610c9;LDM/107;107;15/06/2017;True;NULL;0;09f94415-f0df-4b27-9fa4-7dfe404582cb;2;3;c6faef3e-9104-4c5d-8d9a-62aa7a3b67a7;c6faef3e-9104-4c5d-8d9a-62aa7a3b67a7;#N/A
d8e03f06-39e3-42aa-b69f-b11d86b43351;LDM/049;49;16/03/2016;True;NULL;0;1e077bc4-fcb6-445b-81e7-84ddd4f208be;2;3;9aa7b633-ef3a-49ec-b20a-9615f138fca5;#N/A;#N/A
dadc9e7b-5e16-48e8-83ee-993e1d448af3;LDM/040;40;20/02/2015;False;NULL;0;f98d0dd1-4998-4bc5-a6e6-385bbac708af;2;3;84d3ed09-1ab6-4303-b64d-361e4b0c0cd0;#N/A;ARJI FATIMA PP
df4ac14a-365c-4fd8-9a7e-cf51bf735d36;LDM/158;158;16/12/2019;False;NULL;0;5bc93e54-ddad-421a-b71a-abaa609d60ea;2;3;1f39f1a5-1166-468d-bcf3-e356dc7af0dd;#N/A;ELITECAP
e28e751e-6cec-4c7b-bd59-27ac03f19864;LDM/001;1;01/01/2003;False;NULL;0;278a8321-1b25-4812-af20-1ffb59c9847a;2;3;508b98f6-c717-4dec-a205-b39ad05b0349;508b98f6-c717-4dec-a205-b39ad05b0349;ARCELOR INTERNATIONAL AFRICA
e296ff2e-ab2e-4188-9eab-d2ee5c076cc4;LDM/062;62;07/11/2016;True;NULL;0;e2b3880e-6eff-46a1-aca9-4e77eb3a9048;2;3;61fb18c7-5b22-4951-bab6-53aa6f193a4c;#N/A;#N/A
e4fa9774-37d1-4b55-b0bf-018a628bb633;LDM/187;187;20/01/2021;False;NULL;0;0426f7c5-f922-4e66-8440-4c85e49724e9;2;3;ba070bb8-7d4a-4c96-90cd-76e17c2570c1;#N/A;DOCTINOV
e55be5e9-4912-4789-953d-5d4d85b03471;LDM/102;102;26/09/2018;False;NULL;0;b3cb515e-8aee-423c-8cc2-5a86167d303e;2;3;c9ad4401-c1b0-4eb5-bd6b-875c74512f19;c9ad4401-c1b0-4eb5-bd6b-875c74512f19;UMANIS INTERMEDIATION
e65ea180-d273-44a7-bb15-fa2f08a6d3c4;LDM/184;184;02/03/2017;False;NULL;0;d45636c6-7a75-4684-9fcc-ffbbd3f5e0a9;2;3;981d83c6-72b6-4dd8-8936-b8c333345368;981d83c6-72b6-4dd8-8936-b8c333345368;EOL ICT
e6c2637d-4e42-416c-b7c9-4e0b0a35c9b9;LDM/178;178;19/11/2019;False;NULL;0;5cf84329-babd-4f9f-a72c-50c074f870cb;2;3;54b9f301-e634-47d8-b9e0-2fbc5c0ce6ce;#N/A;G-4U
e875e016-2d0a-4d59-91f1-5d12f04c0217;LDM/058;58;15/08/2016;False;NULL;0;513170f7-51e4-4389-bc2f-c2a4dd7161a1;2;3;4203458a-c6d2-4ae2-a3ab-c6441991452f;#N/A;CAMINEARSHORE PP
e88698d4-7258-4635-8856-e9887ce893a2;LDM/210;210;29/11/2012;False;NULL;0;ad3d3f73-2ad1-457c-94d1-2109b0d426cf;2;3;45835f40-0a19-4f82-aa39-8bf973522db6;#N/A;DAT DEUTSCHE AUTOTEILLE
e8b7e152-2036-4a46-abf3-111619d6dc85;LDM/201;201;19/03/2021;False;NULL;0;518583f7-6b73-4b3e-b4b2-b6cac1897f8d;2;3;abc86d36-d8e3-48fa-9030-df95ebc4e866;#N/A;LE 129
e8c6fb27-0ca4-449a-8019-c7686f8c41b0;LDM/217;217;01/07/2021;False;NULL;0;ed57fe3f-7913-42c5-8079-dbba62df261d;2;3;#N/A;#N/A;VEDEMIS CONSEIL
eb328518-28e4-40ab-b440-6dea33c96752;LDM/020;20;01/09/2013;True;NULL;0;a538bc0a-87ed-49b9-bdbd-0416d19f00ba;2;3;4e4d9cfb-5c8b-4954-9037-df9b9611862c;#N/A;#N/A
ec55d179-09b1-4846-bc2c-7f20137bce36;LDM/051;51;25/04/2016;True;NULL;0;6a5b4a24-cba9-426d-990c-62fa0adeb933;2;3;d617618c-f20c-4961-84a1-040569db4ff7;#N/A;#N/A
ec78841a-d8c7-45c5-b7bc-07c72e4b3d11;LDM/136;136;17/06/2019;False;NULL;0;7c98ef87-4f48-448b-9a1c-455b2b072928;2;3;92ed234b-71fc-462c-9e14-3dd8c0ce5248;92ed234b-71fc-462c-9e14-3dd8c0ce5248;MITSUBA MANUFACTURING MOROCCO
ecdd166c-88e2-477f-94fc-f4ab91b75491;LDM/139;139;16/10/2019;False;NULL;0;ede247ce-b179-4d9c-9f42-d8faa3c71e51;2;3;99448b32-4342-4bef-99c3-cf6da91148ac;#N/A;BEYONDGOALS SOLUTIONS & CONSULTING
efe25346-ca80-4df3-98ef-9963cbd166c9;LDM/135;135;12/07/2019;False;NULL;0;3edf2e12-889b-456b-ac17-0f96c05445a0;2;3;cd77acfc-d6e0-4458-bd57-59e648d44eb4;#N/A;CAPZ
f2a1173b-cf11-445c-a7d4-dbe3ed5b91fd;LDM/006;6;26/11/2009;True;NULL;0;85a2cbb5-b334-446d-b44a-a16be5f82774;2;3;3ec2a4fa-30c9-47d4-aaea-61217208c355;#N/A;#N/A
f45d1206-b809-4a67-8033-7a11eff7aaa3;LDM/166;166;03/12/2019;False;NULL;0;ee151559-77c3-449f-9f0b-fbc1f373f322;2;3;5050e080-ca36-45ed-9d10-5d3110ef2925;#N/A;LOGIT
f4bfbe11-391e-45d3-9794-fe25aac6d825;LDM/112;112;01/07/2018;False;NULL;0;cdfed486-99b3-472d-9787-4cbe72d8102d;2;3;da2633a5-9a79-4388-be30-648f0dc2672b;da2633a5-9a79-4388-be30-648f0dc2672b;AUTO ECOLE SAIDI
f7fee90b-34e9-48de-a078-fb5964d1b1d7;LDM/045;45;09/09/2015;True;NULL;0;fa99eee8-fb86-43d8-8091-449d2f32158b;2;3;718fac22-8e7f-4b93-a896-6413e04ff54e;#N/A;#N/A
f8011768-827a-419a-9f20-8764a765434d;LDM/080;80;14/09/2017;False;NULL;0;6b7d53c0-d36d-4e21-9ddb-79bfcce37b05;2;3;c4d92818-1752-4bca-88c6-f4608963da82;#N/A;ENNOMA
f89d62f0-bc39-4e5f-92d6-e30b1b45f92d;LDM/154;154;16/12/2019;True;NULL;0;81bbb847-1788-4c34-bf0a-534f4722e27a;2;3;8d02133f-1fd9-4ab7-a556-ed629ee58b9e;#N/A;#N/A
f8fbf12c-6f08-4d32-af0e-47de8c3d2398;LDM/008;8;16/09/2010;True;NULL;0;c3f67c01-ca92-4271-863f-db974779aab8;2;3;18906e7a-ef67-42db-a39d-46ccd3146f44;#N/A;#N/A
f960b5ef-0428-4428-a284-fb63583d08de;LDM/159;159;17/12/2019;False;NULL;0;06ebdcf8-81e6-40b3-b424-1e11ced83a3e;2;3;40cefd07-53c0-4586-8437-16b3288c3e65;#N/A;BETIMA CONSULTING
fb2ee721-f161-4fd4-a855-736a715d987f;LDM/153;153;02/12/2019;False;NULL;0;381a49e0-d687-4a77-87be-06df068ed179;2;3;a14aebc0-62d0-49ec-8a23-f0084c0ad1bf;#N/A;EAGLESOFT
fd2a4d24-1da3-43f8-8e57-0f3e8b900f6f;LDM/126;126;28/03/2019;False;NULL;0;82decff2-2162-4c5a-963a-b3f7267d0f4e;2;3;93e6637a-38d8-49fd-9817-c6366031fc9a;93e6637a-38d8-49fd-9817-c6366031fc9a;SERVIGLOBE
fed668d7-1301-4a01-8158-ddf9716bca84;LDM/046;46;15/12/2015;True;NULL;0;7bdbae28-b7ac-42a3-9934-508fe07ce1d5;2;3;9827a010-9cf0-4e59-9543-fcc3e627cd5b;9827a010-9cf0-4e59-9543-fcc3e627cd5b;#N/A
ffc5c741-5ead-4568-982c-56427fd8a8cc;LDM/029;29;29/05/2014;False;NULL;0;015ec6d4-30fb-429f-bb97-d8db447530a1;2;3;51e55121-9563-4a2c-a492-da904ddf4d1b;#N/A;ITBPO
fffe4110-182c-40d3-b843-eddb658d1646;LDM/186;186;18/12/2020;False;NULL;0;f7273d97-4035-41d9-b853-31c038b4067d;2;3;76520144-cbc7-47c6-9160-4dbfbc6a2961;76520144-cbc7-47c6-9160-4dbfbc6a2961;PROESSENTIALS
