"id","lettremission_id"
"00e0bab7-8c54-4c89-b112-e9f9e51aff08","32931727-d55d-417b-becd-a2a2abe06aa9"
"01389ac6-981d-4f97-b151-a642683053d6","c42b2f9c-c84d-436e-b98b-fa7c50b5237e"
"03d77d00-0a1f-4488-af0a-f2998ccc7bd5","5cc15e97-af0f-4481-a481-7fa0a72529f2"
"04e9187b-b987-49d3-975d-e71df59a80a3","891e7473-7f57-43fa-9b84-0aa9cac62059"
"05144125-b504-4524-8bf8-8f31bf9af49b","84a16b31-4c9e-45ac-8dd6-caf183bfb9ca"
"055e6953-1240-4772-a6f8-8c5ab7796403","2904ac8c-48d8-40ff-be75-68f47704c403"
"060dec54-b161-454e-bf34-86727a080ece","76589e3b-e7ae-4cd1-a7e5-92e93b335421"
"08b3f5b1-37c2-453e-b19c-547d3e727f37","760dd9c1-cc6e-4679-8640-9cfdb413bd8c"
"0a41b163-332f-4ee7-9f96-6db30a228e41","16dfa3b7-31b1-4377-884a-411eef3c87e3"
"0b5738cf-c8f0-4a2c-8f2f-b11c4b9b5735","c98622d8-0a40-404f-a0c0-1ce579b0fd22"
"0c1f3ee4-6574-439f-964b-a867a8d2ed1a","467d658e-7c52-4032-8b5f-d748d339f6df"
"0f3e1580-00a0-41bb-b508-0116f5f26da3","40e4f3d0-bf7d-49f8-979d-4b4154a23b7e"
"104c3024-31da-4a82-9612-87211741a9a2","0bc64451-2840-4a6e-b065-099db3f59163"
"15efb361-d3e0-4d70-8a5b-1ca962318dd8","91738d2d-2461-4b8c-b4eb-350b8b9368d4"
"18889026-7b61-4590-8a4f-5f02ff5a8cf3","a3daf4e7-1828-4405-8353-a53f85b8d04c"
"18906e7a-ef67-42db-a39d-46ccd3146f44","f8fbf12c-6f08-4d32-af0e-47de8c3d2398"
"1983b349-aae1-4de3-bdd3-6b0eef1cd517","cd31cc25-6ddf-4fe4-9a56-ed49177bc350"
"1b160647-cc79-4de7-80b1-1bb2e197cb3a","993f3850-0d91-4d00-b2bc-7dfb126ded6d"
"1b210ee6-b0c0-4848-93bb-637c72043537","00b3dcd1-8aad-4782-af4f-9b3349903aaf"
"1b666a4e-31ae-481c-b571-b9f0c8d03629","318eb89f-dc75-4007-8817-45c19698d5d2"
"1b6f4d7c-609d-49a0-b0e7-5ae0a39f01c0","8d73936b-bd88-4f0e-ba0c-030b09193e4f"
"1bc1fbc1-fa40-43da-b59f-fef56954e2bd","58a07816-4c90-4c19-b172-f2faae9ca16c"
"1c773ecc-a1fe-469a-8b16-29feb0ccfa06","a1e5848f-ef5b-4f50-86d5-59ada666a126"
"1f39f1a5-1166-468d-bcf3-e356dc7af0dd","df4ac14a-365c-4fd8-9a7e-cf51bf735d36"
"235b5942-a882-4fbb-af08-19068baec291","a88a7d80-46bc-4331-8493-2eda995821f9"
"26c17c49-cd0d-4339-8425-aa3413b3bc2f","676d1630-d2f5-4491-80c2-c85606963265"
"26f6db35-9d82-491e-b01b-3c794d71a9f3","8fe1c500-dd2c-49d5-a9ed-e65d3458e839"
"26f8bbd1-c578-4a5e-812c-d7c343e31e72","2d1860fa-18c3-4925-9471-95c7eebeb272"
"28e606a3-76ae-4c50-8bd6-8e73a95210ae","cc11a1b4-5e6c-484f-836c-5b723fe58c70"
"2900ad33-96df-4dc7-b80d-56b522be970d","557b2a04-0294-43b9-8eba-506d0fa05bab"
"297ece6d-3c76-40bb-ae17-f5acda847c38","b37d100e-f41b-4cd0-ab6d-1d0a867a42e7"
"2b87de74-fb51-48da-b8c1-44408cdd32dc","ce1412f1-c89a-4c51-94f3-5c85901ffdb3"
"2b94f8f2-befc-4e59-894b-49952db8f7df","3dcfc53b-bbb7-42e1-8b1b-9084e6b711c6"
"2d742644-ee18-43a8-b05a-94a019ab5e2e","2f22d79c-bb32-491d-8456-71f2f31c3ca7"
"2f6e8c41-96ff-45ac-9c0e-078521cf0694","7dd60171-89ba-4de7-818e-783e76e31bf4"
"328179c6-d003-4b0e-af26-78b8d30cf40b","4ae7e940-952b-4ed8-a7c3-52968eee20ee"
"32870bf1-9f67-41b8-a10c-343ea7bdf6ec","7e7119a6-a8e6-482c-adaa-3a61f5bcd3d0"
"3290b193-7510-4593-aafa-e465c272d000","b5e07f06-5879-47c8-8b70-083376908b7f"
"34771ec7-72c2-4dca-840a-ed703cf8c30d","43aa7571-67c1-4ee0-b33b-9b9398355b00"
"34f2b9c5-fad4-4d52-8991-de02014edb47","62d7fb5b-cc29-460c-821b-f5bf3b3e3c32"
"355125f3-f26c-41a8-a503-1773ff1d946d","85236641-cfe4-4ca7-aaf5-e48f2f30ca3c"
"377183bd-fe68-4109-8b49-0a219d41690f","037e7a5d-4cc1-4dfa-92ae-0bacee8f3fa6"
"37e24de2-1b55-4140-8b1d-32cd2136aac2","82b12355-f5d0-42c5-9a4a-b4926ef2d374"
"3934feb3-de40-4265-9f41-699d51ce0118","137e0e58-546f-4a9d-9e3b-4de5d7db4d5b"
"3bd17d1e-9249-4563-93c6-ab06ad2f87f1","69521148-f29f-42f7-9e80-5a9d32826f63"
"3dd7226a-6938-4819-9aef-573075d35acb","2d5ccada-954b-461a-a63e-fe88ae24ab76"
"3e93dcba-a606-4c17-967b-f560bd3d3737","c4352ebf-894d-4ea9-9566-3d40f9ecf760"
"3ec2a4fa-30c9-47d4-aaea-61217208c355","f2a1173b-cf11-445c-a7d4-dbe3ed5b91fd"
"3f075411-9581-45e7-a6b2-842b74f9a19a","1cb56727-8f2a-4575-852c-4960dd8bcd06"
"3fab0078-4708-4ae9-b18f-bc40a784d70c","010f3c7c-3d2b-4df9-a210-d6b05df59a63"
"40cefd07-53c0-4586-8437-16b3288c3e65","f960b5ef-0428-4428-a284-fb63583d08de"
"41d4992b-cda0-48b2-b02e-e8db8533bc7e","233b09f6-45d7-4bbd-939e-e4e00186decd"
"4203458a-c6d2-4ae2-a3ab-c6441991452f","e875e016-2d0a-4d59-91f1-5d12f04c0217"
"421bfd73-df96-42b8-8403-7dd9e9a3eb65","1b11d2ea-073f-4872-b4f9-e9f5122bb898"
"43e421f8-15e1-4592-b327-705a62d7fbfd","7c91542e-30a2-41cf-90c2-5dae63545c1c"
"44d60deb-a2c8-43e3-ab6f-95c0a84f5027","2b85e5be-5b49-4f53-89be-8b8a919d2f7c"
"45835f40-0a19-4f82-aa39-8bf973522db6","e88698d4-7258-4635-8856-e9887ce893a2"
"46411a1a-c314-4f3e-9b02-bed5a531b6ed","4e964916-00ad-4661-a475-456bdc04eee6"
"49341369-06bb-4346-b89c-a17faf7b3710","c06f6800-961c-4c50-9292-a4b1b5470fb2"
"496da6ce-56c9-4e03-b728-f8788e06897e","58ea3154-677e-4a4d-8eb4-c5f7e55717ba"
"4a0481e6-7fa6-4a3f-8833-4b036841d8fb","d240f8d7-9149-4a6f-a26d-3705f839b228"
"4b4126e4-cebc-427a-9a02-e8aceb6ce83f","3702d82b-0f35-40ce-89fc-beb988bd8556"
"4b9b6ad1-90a8-4ad1-8b2c-8066ab7609ae","7c122367-4036-4d58-91aa-44176094aa7a"
"4db111b1-e6db-42a2-a9c2-b1007f6caf3a","7d890527-76be-4f08-8016-cf13564de64b"
"4e4d9cfb-5c8b-4954-9037-df9b9611862c","eb328518-28e4-40ab-b440-6dea33c96752"
"4eccfe1a-6dc6-4eb6-ba22-d9022454d6ad","4a2edaac-176e-475b-902f-d9fec271a3db"
"4fd67938-0d06-481b-a4bd-8e4603618758","0d0a2a01-baa5-47cd-886c-9258bbd1073c"
"5050e080-ca36-45ed-9d10-5d3110ef2925","f45d1206-b809-4a67-8033-7a11eff7aaa3"
"508b98f6-c717-4dec-a205-b39ad05b0349","e28e751e-6cec-4c7b-bd59-27ac03f19864"
"51e55121-9563-4a2c-a492-da904ddf4d1b","ffc5c741-5ead-4568-982c-56427fd8a8cc"
"526af065-21e2-4fb9-ab15-f1601cb41a50","466a1bf3-1b1b-44b7-8a25-f49ab432fd76"
"54b9f301-e634-47d8-b9e0-2fbc5c0ce6ce","e6c2637d-4e42-416c-b7c9-4e0b0a35c9b9"
"54eef113-602f-48ed-b74d-63048cd8a21f","a08cfea9-802f-4f12-85d9-fcbea15ae7d5"
"54ff003d-98a3-43a9-8abe-85b4f5c11cc2","326e6527-f0dc-44cf-92aa-f385c812663e"
"571c3e6e-f293-40f6-9678-208f77fb65cc","82af76ef-259b-44bc-892d-c84d14085a04"
"589b7540-9f4c-413f-a1ae-e2554c06bc3f","72c2a0fe-9603-4466-a69c-8b3b7768f45f"
"591a0c3e-65fc-41be-9e33-be6bcdf5d39d","34c3abc2-852f-4c42-a2e8-667a264eb4b8"
"5aed1450-64f4-401a-b472-1f764a4926e8","3a347130-c324-42de-9c7f-e389d705729c"
"5bdaef04-f099-4d1b-b817-79b53e30f6dc","49c144b0-9d9f-4d90-bb3f-b95e31ba9cf4"
"5ccfe84a-7ca7-4467-bd00-8928b50d8a25","33189e46-2b4c-4017-9ff0-46763d3fd24a"
"5cddc1ab-dfdf-4472-b0a0-232e7be0f1cd","af6cf76c-baae-4aff-b557-3ae46921bc3e"
"5cdf2e29-5c5d-490c-8c39-8bbbb4f98991","1ef0d74d-6647-445e-bca8-cca17f58e7d7"
"5e45c4c7-3797-4a32-b773-82669be80996","38138a5d-6d29-4430-854d-75e2dced75f4"
"6068e87d-fce9-4aec-9bae-1e44f3e93751","3c921cdb-97f4-4174-8be5-046ad7f09301"
"61fb18c7-5b22-4951-bab6-53aa6f193a4c","e296ff2e-ab2e-4188-9eab-d2ee5c076cc4"
"62645c35-e419-4bc2-bdba-1cc944cc6da9","76d721c2-b3b0-4c33-9f84-4721a93e73f0"
"62f65b25-efed-44ea-8fbe-6fd0d06a4eee","1c74b341-0947-4868-a9f2-bd9b37192da7"
"65c6bb36-a40d-43cb-8371-70f253c882cf","b997546e-12c4-472b-9fa2-3127cbb0b78f"
"661b6723-abd2-421a-a9c8-d1f139fb3259","31e01eaf-c40d-4cd5-9012-2eb0355266e6"
"6c28cf18-651e-456d-9efb-060d2eca45a2","d23edf61-e4ef-48f7-bb5c-3789731a1cf1"
"6ea6226c-2c28-43c2-a5f0-7ec1253b143c","0843f71a-d9a5-436f-967f-9f9972c23e5f"
"6ed32a76-1790-4c53-a0a7-a94fdc17f5e5","4e9f4b96-fd8f-4172-b70e-6e7f1c5b41c9"
"6fc0e844-7f4a-4ac6-9bc7-cd44b651af7d","9b1deb19-dbee-4fc4-b60f-9414642ba39b"
"707787ee-aee5-4ccd-88cf-c0fb40a36675","ac2099e5-6d6c-45d8-9efe-cb59ffc50365"
"7097554f-86c9-42c4-9486-ce159b5f2349","cf1cde1b-0ddc-41c4-82f8-829a63bef92f"
"718fac22-8e7f-4b93-a896-6413e04ff54e","f7fee90b-34e9-48de-a078-fb5964d1b1d7"
"7196a5d2-0e41-4943-9862-b32f6d9dc628","9e82d2a1-abec-47ff-9d54-9d08ac53e2cb"
"72b0a736-6650-43bb-a395-46c5c48476e8","5e3386ca-fba7-44d1-8a36-2dac21f9c753"
"734639ba-c557-415f-a7e0-c57c3e9156fd","c4a16854-0383-47f1-8689-e9777cd3b13f"
"73526a78-9c4a-4ebc-9b00-ba5c07cbed0a","84098081-dfe2-441e-96d0-b9910a2a89a4"
"761da41e-fc37-4a1b-991d-d0bc5e5682bb","09a99e1d-56ed-45dd-bc57-21071e4ab3d0"
"76520144-cbc7-47c6-9160-4dbfbc6a2961","fffe4110-182c-40d3-b843-eddb658d1646"
"78ca2257-06bc-4394-9152-a5432598f654","8f667413-e1ae-4cc6-b0ea-f813fd63d379"
"7e485fc8-0b9c-4333-88f5-d106c2f8173e","2500c83a-c6e0-47ab-aba0-17f6be7162a8"
"7f39212e-56fe-4863-8d84-e151a4ddd189","28de8818-b7c1-44c8-9496-121a842f1265"
"7f6fc770-33e7-4447-af09-5250285d1a9a","9f9f4258-3209-4719-b48b-f95ff3ba2125"
"7fd460e8-15f2-4c8c-a371-e358a14e1cb0","18772d62-c52c-4e4e-875a-297a1a10bd0c"
"80509030-403d-4ffb-a98c-99852108beb7","47b9468d-3858-448e-90d3-eb569bc0094b"
"84d3ed09-1ab6-4303-b64d-361e4b0c0cd0","dadc9e7b-5e16-48e8-83ee-993e1d448af3"
"85876744-a9ac-4d21-95f8-faf272e807b2","504b58f8-d617-49bb-a421-a00d33c0ad57"
"85f11960-fa43-40a3-8e22-536b04690d41","a1bb8a89-fd5c-419c-8a38-696f65545a4e"
"86eb9cf2-0c69-47df-84c4-a5ed55056e4e","71a3dc9e-87a4-4413-bed3-429970b05161"
"89455d32-cd2b-45f6-adfa-f8c956078f63","3a4d61d4-21cc-428d-9510-b5886f5049e8"
"899b364f-3eac-4f2b-bf8f-ac8279e586e7","671638c1-12c1-4a6f-9d54-bf23cf49f1c0"
"89fe2237-f5e2-4c6d-ac27-417882247a6c","4ef7667c-eb60-4fdf-8b39-de52fa539d84"
"8a3dea94-732b-4cbf-a759-ef0200ca0d40","b83f40df-745e-4f84-b94b-8ed324b09082"
"8a9108df-e36e-4570-8c15-157339e142f1","bdd0181c-3f6b-41e3-8e24-daf92da54de1"
"8ae38629-5574-482f-b10e-fe30db949fcb","657cab7a-fbdf-4514-8c50-6b7445eb1fb9"
"8b3fce9f-bf01-42ac-bb38-4eae54d4b09f","4d156c61-f311-4b7b-85b3-d5397a1cd756"
"8d02133f-1fd9-4ab7-a556-ed629ee58b9e","f89d62f0-bc39-4e5f-92d6-e30b1b45f92d"
"8d558375-ff59-44a7-a983-45e0c05297cb","713738ce-2311-4c8b-af2b-54285d891f16"
"8f8189b2-a3fd-4baa-96bb-25ee17c7ca60","b96ef761-ecc5-4f15-8d63-a81ec3823b4c"
"9049ff8d-2c1d-4204-bde0-9f56ef0c1d3e","a3679ffa-08fd-45db-8606-da4b2ca82db5"
"90c4440c-6c9f-434a-b986-7fe71bc3f6fb","22b122c2-f46c-4713-8608-b9956c52f067"
"90ed22c8-d978-4e8d-9442-c370bd3760df","908387f3-2d4c-423c-ba69-7710c9178ed8"
"9195f156-7920-42aa-b98b-fcd370195b41","669401a4-db32-4a08-9d7c-b7a7022c4685"
"92ed234b-71fc-462c-9e14-3dd8c0ce5248","ec78841a-d8c7-45c5-b7bc-07c72e4b3d11"
"931d7733-b77c-4839-8f7b-b8d76103febd","9df2340a-a65e-4a58-87fa-b0ee140f937c"
"93e6637a-38d8-49fd-9817-c6366031fc9a","fd2a4d24-1da3-43f8-8e57-0f3e8b900f6f"
"9676e756-2012-4415-bb6f-47a2856f9b62","c50b577a-6116-4406-9428-80b685ac8ac1"
"96b73a84-dae2-47ee-b30d-6190dedc71f9","8a8d465d-2278-4e32-930b-319259898571"
"981d83c6-72b6-4dd8-8936-b8c333345368","e65ea180-d273-44a7-bb15-fa2f08a6d3c4"
"9827a010-9cf0-4e59-9543-fcc3e627cd5b","fed668d7-1301-4a01-8158-ddf9716bca84"
"985c2d12-a309-4111-93e8-5c329c080465","9ae28116-8a58-4fbd-93b6-11f0f4b78fe1"
"993d0fd0-cec4-4b9e-8697-1bd0ae6c253b","84a85e2f-62f2-4df7-b028-d2867fc7265c"
"99448b32-4342-4bef-99c3-cf6da91148ac","ecdd166c-88e2-477f-94fc-f4ab91b75491"
"99fabe77-1c31-47e2-bb0b-a10fc2d2412b","520726c8-3265-4b0b-8cb5-39f23a341404"
"9aa7b633-ef3a-49ec-b20a-9615f138fca5","d8e03f06-39e3-42aa-b69f-b11d86b43351"
"9ad47576-e7ab-4c2e-90fe-1b170527ce7a","7a9ee77c-34a5-440e-ac7b-86aa2a4cda1d"
"9addf962-f668-49b5-babf-e1d0e588128f","5a4d9613-e54d-448b-b292-c0088f816ae0"
"9b721603-4e80-4a4d-a835-096116ee633f","725e7873-2713-4c10-a5f4-4ec6a0079607"
"9e27e60f-eceb-494b-96c0-94a88f2d05b9","01314bef-2da4-45c1-b156-55e69f601023"
"9e2ff011-0234-45c3-83d7-563e0e382b9f","722a4d5e-bb18-4979-8ad0-2b4a9506916a"
"a14aebc0-62d0-49ec-8a23-f0084c0ad1bf","fb2ee721-f161-4fd4-a855-736a715d987f"
"a314414f-3ddf-4689-977b-815449f2c21d","bf17ade1-0b8e-4787-ab2f-f354b12166da"
"a5a457fe-ff39-4f0b-9826-ec365282fcc9","4c0ca1bc-a7a8-4351-808c-5caa89de54f9"
"a6c597c9-ba0a-4308-88d2-2e7147b49ecd","003bac57-6ea9-43a2-b525-b0d6ef95661d"
"a9265bd0-961f-42f3-b64b-6680ce040bc9","57abad94-738f-4abd-bbd3-bb26719e89c2"
"aa179a3d-e187-44f9-a32d-ac8ed8885a4e","60f3c66a-a94c-427a-94ff-fc871eeb5559"
"ab53f6c7-5462-4c37-a03c-f10f72974217","94304ab3-cc3d-49f5-b285-a8bafdacdd79"
"ab74d04b-2c47-4b85-a731-0f85b879d4ae","6b9fc6a5-fd1b-4dfd-8603-e0b0fbf72a91"
"abb37215-7c1c-4a50-b57d-0dcac3dfcc22","051069a1-0b96-4a5b-825e-e561749f8547"
"abc86d36-d8e3-48fa-9030-df95ebc4e866","e8b7e152-2036-4a46-abf3-111619d6dc85"
"ac19fc6f-bd5b-4366-8fac-927e65a38362","7d4f8ba7-8344-492e-9eeb-2b18805e5729"
"acd0b011-4291-479d-9d30-209a72f33786","02b57ac6-b193-4b06-a3b9-368cb3285526"
"adbc4e91-e2c1-44b2-9b7e-9d9f8b1ab7d9","cb68faef-1287-4232-aa33-14b8652774db"
"ae526021-6357-4df3-8117-05786c6dc166","26ebd0c9-6b73-40b7-b0fd-a55649ddefb9"
"b13a16aa-c16a-485b-904d-e017a9c6e2e8","a5f2bc1f-ff04-4e83-b753-d13508e22b21"
"b19528b8-d8f8-40d2-b66d-858ee980c151","d741683e-6a11-47e2-9ea2-53d4f997d29e"
"b1a63124-9d07-4175-8997-eb81dcee7afc","8bea5133-7346-4d20-93bc-1c06134334eb"
"b3abc64d-bfd6-48f7-9f39-d7e0e15b35e9","48f6c7de-93e3-44bf-a830-083e92f2b3d8"
"b3e365e8-b7de-41bf-88c6-eba84b2102d1","987d8d61-3412-41ec-8816-2781780d5c1b"
"b6317cb0-214f-4118-84b0-9275098b446a","083b0074-94a6-4b95-8b48-1a4a508e1ff9"
"b8ccb454-d80c-499d-9ef0-622a9b0aaf2a","310aa642-66f4-4907-b7e0-66aab77fd3da"
"ba070bb8-7d4a-4c96-90cd-76e17c2570c1","e4fa9774-37d1-4b55-b0bf-018a628bb633"
"bbbcd774-d042-441b-9202-448c5daf2147","ab452713-ed6f-4b10-99ac-703459620a1c"
"bebfbf16-a514-4344-b215-87af2fff2763","287e66da-f967-4b4f-866b-7dc85a13445f"
"bedeb0f3-41cc-48f4-a357-bed231c822f5","80223f46-0b8d-40b7-9b57-a51635f3d265"
"bfa30543-ddb4-49cc-be69-c3c608f5b5f0","13d66e93-1cb4-4619-b84b-2e23a15a2f07"
"bfe4e74c-6558-4d4e-8afb-cb600f4cd2b9","96f16cab-8fe2-4c1e-8298-f4166580cbf5"
"c1941c74-342e-422f-b38e-89f96b550686","5a7e82e2-0545-4cdf-b3b7-e64f5b06dd57"
"c4d92818-1752-4bca-88c6-f4608963da82","f8011768-827a-419a-9f20-8764a765434d"
"c6985e75-4ebb-497a-a44e-5d7e07a62cb2","3fcc88be-0b4b-46a4-bfd7-28e34a7e2189"
"c6faef3e-9104-4c5d-8d9a-62aa7a3b67a7","d7506c86-24fb-4d6c-ae65-101e871610c9"
"c7f6bb09-de2d-4cf6-85b8-1e8154b67ae3","4895bb10-85b3-440d-93ab-2b87892cfb7b"
"c9ad4401-c1b0-4eb5-bd6b-875c74512f19","e55be5e9-4912-4789-953d-5d4d85b03471"
"cd77acfc-d6e0-4458-bd57-59e648d44eb4","efe25346-ca80-4df3-98ef-9963cbd166c9"
"ceb29b05-7f95-480f-b29b-9d5eef3be292","5b48e9d8-c88a-4ab3-b14a-dc0d836ceee1"
"cebb2274-dd6a-42e7-ba0e-937b29f0bc1d","aa296f0f-7b0d-4407-8a98-9c8892866315"
"cf2ac63f-13e0-453b-b95e-c62387ac5dd7","55d79ace-cfdb-4338-b9bb-f72e3823c312"
"cf49a64a-c033-4d94-95b9-9ba2b863accd","1635d592-34dd-4b05-8dcd-30deef7eed33"
"cf9b9080-ef60-4d6e-ac88-29e9c50c41b6","97bfd0a3-663a-4652-9379-fa538cf2fa01"
"d0d5f302-aa6b-4a41-ad9f-77749d472612","221a75bd-55dd-4b2d-acb9-e7af7ddcaf09"
"d1260f79-7386-4949-8586-4bbe10d50247","2226a61a-6478-497a-83bd-0c0c55d3c98d"
"d14d9931-a44f-47b6-bbbf-0cb789b70e6c","c617384b-d3c2-423f-8956-7feac8f24d50"
"d1d3c81c-78f4-4886-9cf9-f6fc1af2d7ea","4ffd9881-f715-4e90-beec-fa4ed122d53e"
"d1d54df9-af1d-466e-a236-052f4c9084a1","5d5ebdee-4d84-48d4-987a-f80c1bc2a657"
"d1dfb851-a412-4ec3-aaaa-8841ee90d87e","4391847f-f2a8-4a25-8eba-3ed0e7b1ec19"
"d617618c-f20c-4961-84a1-040569db4ff7","ec55d179-09b1-4846-bc2c-7f20137bce36"
"d63106fb-8e80-433b-9c7d-5b1fca73399c","24cf4a6e-a41d-4df8-8ea0-e8765eea9e8a"
"da2633a5-9a79-4388-be30-648f0dc2672b","f4bfbe11-391e-45d3-9794-fe25aac6d825"
"daee6fc8-722f-4de9-9811-4a4243c4bf6c","32c70d46-ab23-4a85-b294-5082d1734d15"
"db8188e4-bd4b-4cc8-8a77-d20e810d1661","3ecd719a-16ed-4850-b07d-4d532eca0b0d"
"db83b366-f984-4413-a9cb-67ba8c428f3a","af2f0e17-837a-4e69-99f3-baf0c0e65308"
"dbffc48f-5fa8-4d73-af58-0d998111c564","84854214-9d0a-4747-b7c1-52805dded9af"
"dc153e49-1182-41a7-b89b-45df525ed2fa","9264e1dc-afd7-4fad-bb1d-ec011dad3880"
"dcc83e41-1d1f-4b3f-b49e-3cae5b6be37e","d0872c4f-f3de-483e-887f-f4e0a9c7fc2b"
"dfd34285-0072-4c47-88c4-9d26445740d4","39506c77-4d2f-4f28-ab24-6c861a7b0fe1"
"e48ecd80-228f-44d1-8107-11240f7fadac","ba61a5fa-85f9-4fa3-91a1-7d21959320af"
"e58d9f28-3158-47eb-a712-726d6f2da146","58bbcb5f-51db-4f2d-bd6e-224b5f47d07a"
"e801dfd1-685f-4518-8f5a-f57ba14b377f","c8fdf0db-4e85-47fd-aadd-d685deebd1e0"
"e8bebdb7-6de9-4fc9-9a00-0014a1fe7e67","38939214-76c0-463d-a210-bd8c135e69c4"
"eb60bc26-ba61-4e92-94c8-01489d4acd7b","468f7188-380c-451d-a552-48f5762c85b1"
"ebc4e825-1153-45ee-aaa1-c0e23be44830","0d53a780-3f6d-49df-8b2c-bbffc7667fc0"
"ee2f8e38-d5bb-4630-93ae-bb8557af713f","30402d12-0812-4888-9f01-e583c7f55cfb"
"eee99497-3ea4-4214-acf3-1a864ec317e6","060f2b57-860a-4939-8e6d-3173cf31aa44"
"f14039bf-e9b7-429f-8827-181985b2d0bf","9804557e-c793-48de-ba62-d19ae45473e9"
"f5d31d1a-84d2-403c-a395-e4e4e441ccb8","60f97044-f4b7-4a8d-b2cd-d97626b1b641"
"f6e2f7e7-c787-49f6-bc35-ea2d4f19588c","b2119484-4dfc-4a7f-88ce-b421387f20a8"
"f7be10f7-c6d0-4244-b492-1fdd707b62cc","91bb70ef-8455-490d-af35-671b48fd6146"
"f83c73ca-da64-40d1-8ff8-fe3eed3d3ffb","6cfb290e-1907-4353-90d7-61b5dc1a9d30"
"f97a95b3-a625-4180-bad0-675069dc9ade","2587ab7e-bc1c-4022-ac6a-8b4c04d85b4c"
"fb2a1928-1a83-4f28-a4b4-6d5c166d145d","470f3230-41da-4a0b-b2ec-e56dca649b2e"
"ff1ec682-d4be-4149-9f16-3c081fdb5603","34fcfe29-2820-4917-a0ef-1c4564629982"
